,id,movie,year,rating,genre,runtime,imdb,metascore,votes,review_quality
0,0,65,2023,PG-13,"['Action', ' Adventure', ' Drama']",93,55,40,31295,0
1,1,Avatar: The Way of Water,2022,PG-13,"['Action', ' Adventure', ' Fantasy']",192,77,67,357260,2
2,2,Super Mario Bros.,1993,PG,"['Adventure', ' Comedy', ' Family']",104,41,35,58495,0
3,3,Everything Everywhere All at Once,2022,R,"['Action', ' Adventure', ' Comedy']",139,79,81,428222,1
4,4,Ant-Man and the Wasp: Quantumania,2023,PG-13,"['Action', ' Adventure', ' Comedy']",124,64,48,101578,0
5,5,Infinity Pool,2023,R,"['Crime', ' Horror', ' Mystery']",117,61,72,25716,2
6,6,Nope,2022,R,"['Horror', ' Mystery', ' Sci-Fi']",130,68,77,217125,2
7,7,M3GAN,2022,PG-13,"['Horror', ' Sci-Fi', ' Thriller']",102,64,72,93869,2
8,8,Interstellar,2014,PG-13,"['Adventure', ' Drama', ' Sci-Fi']",169,86,74,1891332,1
9,9,Black Panther: Wakanda Forever,2022,PG-13,"['Action', ' Adventure', ' Drama']",161,67,67,256471,2
10,10,Blade Runner 2049,2017,R,"['Action', ' Drama', ' Mystery']",164,80,81,596742,1
11,11,Avatar,2009,PG-13,"['Action', ' Adventure', ' Fantasy']",162,79,83,1336303,1
12,12,Dune,2021,PG-13,"['Action', ' Adventure', ' Drama']",155,80,74,663694,1
13,13,Inception,2010,PG-13,"['Action', ' Adventure', ' Sci-Fi']",148,88,74,2397924,1
14,14,The Hunger Games,2012,PG-13,"['Action', ' Adventure', ' Sci-Fi']",142,72,68,941225,1
15,15,Super 8,2011,PG-13,"['Action', ' Mystery', ' Sci-Fi']",112,70,72,359339,2
16,16,Jurassic World: Dominion,2022,PG-13,"['Action', ' Adventure', ' Sci-Fi']",147,56,38,180301,0
17,17,Spider-Man: No Way Home,2021,PG-13,"['Action', ' Adventure', ' Fantasy']",148,82,71,786146,1
18,18,Black Adam,2022,PG-13,"['Action', ' Adventure', ' Fantasy']",125,63,41,240302,0
19,19,Star Wars: Episode IX - The Rise of Skywalker,2019,PG-13,"['Action', ' Adventure', ' Fantasy']",141,65,53,463849,2
20,20,Avengers: Endgame,2019,PG-13,"['Action', ' Adventure', ' Drama']",181,84,78,1167664,1
21,21,Star Wars: Episode IV - A New Hope,1977,PG,"['Action', ' Adventure', ' Fantasy']",121,86,90,1386049,1
22,22,Jurassic Park,1993,PG-13,"['Action', ' Adventure', ' Sci-Fi']",127,82,68,1008197,1
23,23,The Matrix,1999,R,"['Action', ' Sci-Fi']",136,87,73,1946660,1
24,24,Thor: Love and Thunder,2022,PG-13,"['Action', ' Adventure', ' Comedy']",118,62,57,356646,2
25,25,Guardians of the Galaxy,2014,PG-13,"['Action', ' Adventure', ' Comedy']",121,80,76,1200169,1
26,26,Back to the Future,1985,PG,"['Adventure', ' Comedy', ' Sci-Fi']",116,85,87,1230213,1
27,27,Spider-Man: Into the Spider-Verse,2018,PG,"['Animation', ' Action', ' Adventure']",117,84,87,554542,1
28,28,The Thing,2011,R,"['Horror', ' Mystery', ' Sci-Fi']",103,62,49,138028,0
29,29,Ready Player One,2018,PG-13,"['Action', ' Adventure', ' Sci-Fi']",140,74,64,449990,2
30,30,Rogue One: A Star Wars Story,2016,PG-13,"['Action', ' Adventure', ' Sci-Fi']",133,78,65,653648,1
31,31,Tenet,2020,PG-13,"['Action', ' Sci-Fi', ' Thriller']",150,73,69,525131,2
32,32,Mad Max: Fury Road,2015,R,"['Action', ' Adventure', ' Sci-Fi']",120,81,90,1023691,1
33,33,Galaxy Quest,1999,PG,"['Adventure', ' Comedy', ' Sci-Fi']",102,74,70,168339,2
34,34,Free Guy,2021,PG-13,"['Action', ' Adventure', ' Comedy']",115,71,62,385703,2
35,35,Don't Look Up,2021,R,"['Comedy', ' Drama', ' Sci-Fi']",138,72,49,553374,2
36,36,The Prestige,2006,PG-13,"['Drama', ' Mystery', ' Sci-Fi']",130,85,66,1356886,1
37,37,Star Wars: Episode I - The Phantom Menace,1999,PG,"['Action', ' Adventure', ' Fantasy']",136,65,51,820107,1
38,38,Alien,1979,R,"['Horror', ' Sci-Fi']",117,85,89,898251,1
39,39,Star Wars: Episode VII - The Force Awakens,2015,PG-13,"['Action', ' Adventure', ' Sci-Fi']",138,78,80,943596,1
40,40,The Suicide Squad,2021,R,"['Action', ' Adventure', ' Comedy']",132,72,72,366894,2
41,41,The Thing,1982,R,"['Horror', ' Mystery', ' Sci-Fi']",109,82,57,435668,2
42,42,The Meg,2018,PG-13,"['Action', ' Horror', ' Sci-Fi']",113,56,46,177064,0
43,43,Star Wars: Episode VI - Return of the Jedi,1983,PG,"['Action', ' Adventure', ' Fantasy']",131,83,58,1071135,1
44,44,Blade Runner,1982,R,"['Action', ' Drama', ' Sci-Fi']",117,81,84,783819,1
45,45,Captain Marvel,2019,PG-13,"['Action', ' Adventure', ' Sci-Fi']",123,68,64,574899,2
46,46,Sonic the Hedgehog 2,2022,PG,"['Action', ' Adventure', ' Comedy']",122,65,47,72926,0
47,47,2001: A Space Odyssey,1968,G,"['Adventure', ' Sci-Fi']",149,83,84,681497,1
48,48,A Clockwork Orange,1971,R,"['Crime', ' Sci-Fi']",136,83,77,843751,1
49,49,Starship Troopers,1997,R,"['Action', ' Adventure', ' Sci-Fi']",129,73,52,303140,2
50,50,Donnie Darko,2001,R,"['Drama', ' Mystery', ' Sci-Fi']",113,80,88,815747,1
51,51,The Hunger Games: Catching Fire,2013,PG-13,"['Action', ' Adventure', ' Sci-Fi']",146,75,76,679803,1
52,52,Eternal Sunshine of the Spotless Mind,2004,R,"['Drama', ' Romance', ' Sci-Fi']",108,83,89,1026059,1
53,53,The Mist,2007,R,"['Horror', ' Sci-Fi', ' Thriller']",126,71,58,320460,2
54,54,Her,2013,R,"['Drama', ' Romance', ' Sci-Fi']",126,80,91,631188,1
55,55,Arrival,2016,PG-13,"['Drama', ' Mystery', ' Sci-Fi']",116,79,81,713635,1
56,56,Prey,2022,R,"['Action', ' Adventure', ' Drama']",100,71,71,204358,2
57,57,The Matrix Resurrections,2021,R,"['Action', ' Sci-Fi']",148,57,63,258804,2
58,58,Terminator 2: Judgment Day,1991,R,"['Action', ' Sci-Fi']",137,86,75,1117337,1
59,59,Avengers: Infinity War,2018,PG-13,"['Action', ' Adventure', ' Sci-Fi']",149,84,68,1112182,1
60,60,Star Wars: Episode VIII - The Last Jedi,2017,PG-13,"['Action', ' Adventure', ' Fantasy']",152,69,84,644284,1
61,61,Superman,1978,PG,"['Action', ' Adventure', ' Sci-Fi']",143,74,82,179312,2
62,62,Doctor Strange in the Multiverse of Madness,2022,PG-13,"['Action', ' Adventure', ' Fantasy']",126,69,60,433663,2
63,63,Lucy,2014,R,"['Action', ' Sci-Fi', ' Thriller']",89,64,61,508600,2
64,64,Eternals,2021,PG-13,"['Action', ' Adventure', ' Fantasy']",156,63,52,354883,2
65,65,A Quiet Place Part II,2020,PG-13,"['Drama', ' Horror', ' Sci-Fi']",97,72,71,244020,2
66,66,The Fifth Element,1997,PG-13,"['Action', ' Adventure', ' Sci-Fi']",126,76,52,483598,2
67,67,Star Wars: Episode V - The Empire Strikes Back,1980,PG,"['Action', ' Adventure', ' Fantasy']",124,87,82,1313665,1
68,68,Black Panther,2018,PG-13,"['Action', ' Adventure', ' Sci-Fi']",134,73,88,797168,1
69,69,Aliens,1986,R,"['Action', ' Adventure', ' Sci-Fi']",137,84,84,729043,1
70,70,Annihilation,2018,R,"['Adventure', ' Drama', ' Horror']",115,68,79,336712,2
71,71,Jurassic World,2015,PG-13,"['Action', ' Adventure', ' Sci-Fi']",124,69,59,654148,1
72,72,The Terminator,1984,R,"['Action', ' Sci-Fi']",107,81,84,880977,1
73,73,Spider-Man,2002,PG-13,"['Action', ' Adventure', ' Sci-Fi']",121,74,73,833370,1
74,74,Dune,1984,PG-13,"['Action', ' Adventure', ' Sci-Fi']",137,63,41,164966,0
75,75,Ex Machina,2014,R,"['Drama', ' Sci-Fi', ' Thriller']",108,77,78,558043,1
76,76,Ghostbusters: Afterlife,2021,PG-13,"['Adventure', ' Comedy', ' Fantasy']",124,71,45,190436,2
77,77,Logan,2017,R,"['Action', ' Drama', ' Sci-Fi']",137,81,77,781815,1
78,78,Zack Snyder's Justice League,2021,R,"['Action', ' Adventure', ' Fantasy']",242,80,54,409440,2
79,79,E.T. the Extra-Terrestrial,1982,PG,"['Adventure', ' Family', ' Sci-Fi']",115,79,91,418864,1
80,80,A Quiet Place,2018,PG-13,"['Drama', ' Horror', ' Sci-Fi']",90,75,82,545470,1
81,81,Deadpool 2,2018,R,"['Action', ' Adventure', ' Comedy']",119,76,66,599920,1
82,82,Rise of the Planet of the Apes,2011,PG-13,"['Action', ' Drama', ' Sci-Fi']",105,76,68,538016,1
83,83,Valerian and the City of a Thousand Planets,2017,PG-13,"['Action', ' Adventure', ' Fantasy']",136,64,51,186865,0
84,84,Transformers,2007,PG-13,"['Action', ' Adventure', ' Sci-Fi']",144,70,61,648568,1
85,85,Suicide Squad,2016,PG-13,"['Action', ' Adventure', ' Fantasy']",123,59,40,696534,0
86,86,The Martian,2015,PG-13,"['Adventure', ' Drama', ' Sci-Fi']",144,80,80,873883,1
87,87,The Avengers,2012,PG-13,"['Action', ' Sci-Fi']",143,80,69,1409609,1
88,88,Guardians of the Galaxy Vol. 2,2017,PG-13,"['Action', ' Adventure', ' Comedy']",136,76,67,698898,1
89,89,Independence Day,1996,PG-13,"['Action', ' Adventure', ' Sci-Fi']",145,70,59,584344,2
90,90,Event Horizon,1997,R,"['Horror', ' Sci-Fi', ' Thriller']",96,66,35,186731,0
91,91,Contact,1997,PG,"['Drama', ' Mystery', ' Sci-Fi']",150,75,62,280991,2
92,92,The Invisible Man,2020,R,"['Drama', ' Horror', ' Mystery']",124,71,72,235776,2
93,93,Iron Man,2008,PG-13,"['Action', ' Adventure', ' Sci-Fi']",126,79,79,1076557,1
94,94,Sonic the Hedgehog,2020,PG,"['Action', ' Adventure', ' Comedy']",99,65,47,145506,0
95,95,Edge of Tomorrow,2014,PG-13,"['Action', ' Adventure', ' Sci-Fi']",113,79,71,695363,1
96,96,Reminiscence,2021,PG-13,"['Mystery', ' Romance', ' Sci-Fi']",116,59,46,59322,0
97,97,Star Wars: Episode III - Revenge of the Sith,2005,PG-13,"['Action', ' Adventure', ' Fantasy']",140,76,68,806867,1
98,98,Crimes of the Future,2022,R,"['Drama', ' Horror', ' Sci-Fi']",107,59,67,33824,2
99,99,Solo: A Star Wars Story,2018,PG-13,"['Action', ' Adventure', ' Sci-Fi']",135,69,62,357792,2
100,100,Minions: The Rise of Gru,2022,PG,"['Animation', ' Adventure', ' Comedy']",87,65,56,72829,2
101,101,Riddick,2013,R,"['Action', ' Adventure', ' Sci-Fi']",119,64,49,171840,0
102,102,Jurassic World: Fallen Kingdom,2018,PG-13,"['Action', ' Adventure', ' Sci-Fi']",128,61,51,325346,0
103,103,DC League of Super-Pets,2022,PG,"['Animation', ' Action', ' Adventure']",105,72,56,68144,2
104,104,Children of Men,2006,R,"['Action', ' Drama', ' Sci-Fi']",109,79,84,509402,1
105,105,Star Wars: Episode II - Attack of the Clones,2002,PG,"['Action', ' Adventure', ' Fantasy']",142,66,54,725183,1
106,106,Idiocracy,2006,R,"['Adventure', ' Comedy', ' Sci-Fi']",84,65,66,169064,2
107,107,Ghostbusters,1984,PG,"['Action', ' Comedy', ' Fantasy']",105,78,71,423850,2
108,108,The Lobster,2015,R,"['Drama', ' Romance', ' Sci-Fi']",119,71,82,267251,2
109,109,Watchmen,2009,R,"['Action', ' Drama', ' Mystery']",162,76,56,560900,1
110,110,The Platform,2019,TV-MA,"['Horror', ' Sci-Fi', ' Thriller']",94,70,73,240644,2
111,111,Prometheus,2012,R,"['Adventure', ' Mystery', ' Sci-Fi']",124,70,64,619388,1
112,112,Home,2015,PG,"['Animation', ' Adventure', ' Comedy']",94,66,55,105979,2
113,113,X-Men,2000,PG-13,"['Action', ' Adventure', ' Sci-Fi']",104,73,64,625042,1
114,114,War for the Planet of the Apes,2017,PG-13,"['Action', ' Adventure', ' Drama']",140,74,82,264813,2
115,115,Shang-Chi and the Legend of the Ten Rings,2021,PG-13,"['Action', ' Adventure', ' Fantasy']",132,74,71,397334,2
116,116,Divergent,2014,PG-13,"['Action', ' Adventure', ' Mystery']",139,66,48,469685,2
117,117,Face/Off,1997,R,"['Action', ' Crime', ' Sci-Fi']",138,73,82,385344,2
118,118,Strange World,2022,PG,"['Animation', ' Action', ' Adventure']",102,56,65,38341,2
119,119,The Adam Project,2022,PG-13,"['Action', ' Adventure', ' Comedy']",106,67,55,211237,2
120,120,Coherence,2013,Not Rated,"['Drama', ' Mystery', ' Sci-Fi']",89,72,65,134414,2
121,121,Resident Evil: Welcome to Raccoon City,2021,R,"['Action', ' Horror', ' Sci-Fi']",107,52,44,57268,0
122,122,Life,2017,R,"['Horror', ' Sci-Fi', ' Thriller']",104,66,54,238174,2
123,123,Black Widow,2021,PG-13,"['Action', ' Adventure', ' Sci-Fi']",134,67,68,392741,2
124,124,The Hunger Games: Mockingjay - Part 2,2015,PG-13,"['Action', ' Adventure', ' Sci-Fi']",137,65,65,339981,2
125,125,Mortal Kombat,2021,R,"['Action', ' Adventure', ' Fantasy']",110,60,44,179460,0
126,126,Battleship,2012,PG-13,"['Action', ' Adventure', ' Sci-Fi']",131,58,41,251478,0
127,127,About Time,2013,R,"['Comedy', ' Drama', ' Fantasy']",123,78,55,362091,2
128,128,The Tomorrow War,2021,PG-13,"['Action', ' Adventure', ' Drama']",138,65,45,212178,0
129,129,Pitch Black,2000,R,"['Action', ' Horror', ' Sci-Fi']",109,71,49,245771,2
130,130,Ant-Man,2015,PG-13,"['Action', ' Comedy', ' Sci-Fi']",117,73,64,687707,1
131,131,Vanilla Sky,2001,R,"['Fantasy', ' Mystery', ' Romance']",136,69,45,274622,2
132,132,Alita: Battle Angel,2019,PG-13,"['Action', ' Adventure', ' Sci-Fi']",122,73,53,276868,2
133,133,The Maze Runner,2014,PG-13,"['Action', ' Mystery', ' Sci-Fi']",113,68,57,480626,2
134,134,Spider-Man: Homecoming,2017,PG-13,"['Action', ' Adventure', ' Sci-Fi']",133,74,73,674473,1
135,135,Tomorrowland,2015,PG,"['Action', ' Adventure', ' Family']",130,64,60,185569,2
136,136,Sky High,2005,PG,"['Action', ' Comedy', ' Family']",100,63,62,90190,2
137,137,Man of Steel,2013,PG-13,"['Action', ' Adventure', ' Sci-Fi']",143,71,55,783062,1
138,138,Vivarium,2019,R,"['Horror', ' Mystery', ' Sci-Fi']",97,58,64,63317,2
139,139,World War Z,2013,PG-13,"['Action', ' Adventure', ' Horror']",116,70,63,683981,1
140,140,Captain America: The First Avenger,2011,PG-13,"['Action', ' Adventure', ' Sci-Fi']",124,69,66,859950,1
141,141,The Circle,2017,PG-13,"['Drama', ' Sci-Fi', ' Thriller']",110,53,43,95559,0
142,142,Avengers: Age of Ultron,2015,PG-13,"['Action', ' Adventure', ' Sci-Fi']",141,73,66,880119,1
143,143,Dawn of the Planet of the Apes,2014,PG-13,"['Action', ' Adventure', ' Drama']",130,76,79,449708,1
144,144,Predator,1987,R,"['Action', ' Adventure', ' Horror']",107,78,47,432329,2
145,145,Superman III,1983,PG,"['Action', ' Adventure', ' Comedy']",125,50,44,72080,0
146,146,Star Trek,2009,PG-13,"['Action', ' Adventure', ' Sci-Fi']",127,79,82,609040,1
147,147,Moonfall,2022,PG-13,"['Action', ' Adventure', ' Sci-Fi']",130,51,41,86523,0
148,148,The Lego Movie,2014,PG,"['Animation', ' Action', ' Adventure']",100,77,83,365704,2
149,149,Godzilla vs. Kong,2021,PG-13,"['Action', ' Sci-Fi', ' Thriller']",113,63,59,217563,2
151,151,Wonder Woman,2017,PG-13,"['Action', ' Adventure', ' Fantasy']",141,74,76,671055,1
152,152,Morbius,2022,PG-13,"['Action', ' Adventure', ' Horror']",104,52,35,134748,0
153,153,Signs,2002,PG-13,"['Drama', ' Mystery', ' Sci-Fi']",106,68,59,371363,2
154,154,Thor: Ragnarok,2017,PG-13,"['Action', ' Adventure', ' Comedy']",130,79,74,770147,1
155,155,Under the Skin,2013,R,"['Drama', ' Horror', ' Mystery']",108,63,80,148455,2
156,156,Alien: Covenant,2017,R,"['Horror', ' Sci-Fi', ' Thriller']",122,64,65,288182,2
157,157,V for Vendetta,2005,R,"['Action', ' Drama', ' Sci-Fi']",132,82,62,1136508,1
158,158,WALL·E,2008,G,"['Animation', ' Adventure', ' Family']",98,84,95,1136135,1
159,159,A.I. Artificial Intelligence,2001,PG-13,"['Drama', ' Sci-Fi']",146,72,65,313654,2
160,160,Terminator Genisys,2015,PG-13,"['Action', ' Adventure', ' Sci-Fi']",126,63,38,283290,0
161,161,Resident Evil,2002,R,"['Action', ' Horror', ' Sci-Fi']",100,66,33,277283,0
162,162,Passengers,2016,PG-13,"['Drama', ' Romance', ' Sci-Fi']",116,70,41,418594,0
163,163,X-Men: Days of Future Past,2014,PG-13,"['Action', ' Adventure', ' Sci-Fi']",132,79,75,722417,1
164,164,TRON: Legacy,2010,PG,"['Action', ' Adventure', ' Sci-Fi']",125,68,49,344164,2
165,165,X-Men: First Class,2011,PG-13,"['Action', ' Sci-Fi']",131,77,65,702334,1
166,166,Pixels,2015,PG-13,"['Action', ' Comedy', ' Fantasy']",105,56,27,149495,0
167,167,2012,2009,PG-13,"['Action', ' Adventure', ' Sci-Fi']",158,58,49,384731,0
168,168,Escape Room,2019,PG-13,"['Action', ' Adventure', ' Horror']",99,64,48,128672,0
169,169,Aquaman,2018,PG-13,"['Action', ' Adventure', ' Fantasy']",143,68,55,487571,2
170,170,Slither,2006,R,"['Comedy', ' Horror', ' Sci-Fi']",95,65,69,84990,2
171,171,Planet of the Apes,2001,PG-13,"['Action', ' Adventure', ' Sci-Fi']",119,57,50,222995,0
172,172,Men in Black,1997,PG-13,"['Action', ' Adventure', ' Comedy']",98,73,71,581143,1
173,173,Power Rangers,2017,PG-13,"['Action', ' Adventure', ' Fantasy']",124,59,44,110645,0
174,174,Blade,1998,R,"['Action', ' Horror', ' Sci-Fi']",120,71,47,282589,2
175,175,The Hunger Games: Mockingjay - Part 1,2014,PG-13,"['Action', ' Adventure', ' Sci-Fi']",123,66,64,468517,2
176,176,In Time,2011,PG-13,"['Action', ' Sci-Fi', ' Thriller']",109,67,53,420766,2
177,177,Spy Kids,2001,PG,"['Action', ' Adventure', ' Comedy']",88,56,71,121102,2
178,178,Dredd,2012,R,"['Action', ' Crime', ' Sci-Fi']",95,71,60,281209,2
179,179,X-Men: Apocalypse,2016,PG-13,"['Action', ' Adventure', ' Sci-Fi']",144,69,52,443791,2
180,180,Knowing,2009,PG-13,"['Action', ' Mystery', ' Sci-Fi']",121,62,41,239042,0
181,181,Snowpiercer,2013,R,"['Action', ' Drama', ' Sci-Fi']",126,71,84,369676,2
182,182,Predestination,2014,R,"['Action', ' Drama', ' Sci-Fi']",97,74,69,289784,2
183,183,Venom,2018,PG-13,"['Action', ' Adventure', ' Sci-Fi']",112,66,35,500697,0
184,184,The Chronicles of Riddick,2004,R,"['Action', ' Adventure', ' Sci-Fi']",119,66,38,234586,0
185,185,Pokémon: Detective Pikachu,2019,PG,"['Action', ' Adventure', ' Comedy']",104,65,53,169460,2
186,186,Despicable Me,2010,PG,"['Animation', ' Adventure', ' Comedy']",95,76,72,558131,1
187,187,Terminator: Dark Fate,2019,R,"['Action', ' Adventure', ' Sci-Fi']",128,62,54,183278,0
188,188,Planet of the Apes,1968,G,"['Adventure', ' Sci-Fi']",112,80,79,184335,2
189,189,Total Recall,1990,R,"['Action', ' Adventure', ' Sci-Fi']",113,75,60,339063,2
190,190,Bird Box,2018,R,"['Horror', ' Mystery', ' Sci-Fi']",124,66,51,355558,2
191,191,The Running Man,1987,R,"['Action', ' Sci-Fi', ' Thriller']",101,67,45,158214,0
192,192,The Day After Tomorrow,2004,PG-13,"['Action', ' Adventure', ' Sci-Fi']",124,64,47,458117,0
193,193,Spider-Man: Far from Home,2019,PG-13,"['Action', ' Adventure', ' Comedy']",129,74,69,510419,2
194,194,Cloud Atlas,2012,R,"['Drama', ' Mystery', ' Sci-Fi']",172,74,55,366586,2
195,195,Batman v Superman: Dawn of Justice,2016,PG-13,"['Action', ' Adventure', ' Sci-Fi']",151,64,44,709566,0
196,196,Captain America: Civil War,2016,PG-13,"['Action', ' Sci-Fi']",147,78,75,805888,1
197,197,The Predator,2018,R,"['Action', ' Adventure', ' Horror']",107,53,48,137032,0
198,198,Army of the Dead,2021,R,"['Action', ' Crime', ' Drama']",148,57,57,177264,0
199,199,Kids vs. Aliens,2022,TV-MA,"['Horror', ' Sci-Fi']",75,53,51,458,0
200,200,Batman & Robin,1997,PG-13,"['Action', ' Sci-Fi']",125,37,28,258521,0
201,201,Armageddon,1998,PG-13,"['Action', ' Adventure', ' Sci-Fi']",151,67,42,434448,0
202,202,Incredibles 2,2018,PG,"['Animation', ' Action', ' Adventure']",118,76,80,306798,2
203,203,10 Cloverfield Lane,2016,PG-13,"['Drama', ' Horror', ' Mystery']",103,72,76,337741,2
204,204,Ant-Man and the Wasp,2018,PG-13,"['Action', ' Adventure', ' Comedy']",118,70,70,420149,2
205,205,X-Men: The Last Stand,2006,PG-13,"['Action', ' Adventure', ' Sci-Fi']",104,66,58,524961,2
206,206,28 Days Later,2002,R,"['Drama', ' Horror', ' Sci-Fi']",113,75,73,423173,2
207,207,RoboCop,1987,R,"['Action', ' Crime', ' Sci-Fi']",102,76,70,266015,2
208,208,Iron Man 3,2013,PG-13,"['Action', ' Adventure', ' Sci-Fi']",130,71,62,864956,1
209,209,Venom: Let There Be Carnage,2021,PG-13,"['Action', ' Sci-Fi', ' Thriller']",97,59,49,234396,0
210,210,X-Men Origins: Wolverine,2009,PG-13,"['Action', ' Sci-Fi']",107,65,40,513608,0
211,211,12 Monkeys,1995,R,"['Mystery', ' Sci-Fi', ' Thriller']",129,80,74,627248,1
212,212,Spiderhead,2022,R,"['Action', ' Crime', ' Drama']",106,54,54,60849,0
213,213,Transformers: The Last Knight,2017,PG-13,"['Action', ' Adventure', ' Sci-Fi']",154,52,27,156796,0
214,214,Elysium,2013,R,"['Action', ' Drama', ' Sci-Fi']",109,66,61,455649,2
215,215,The Faculty,1998,R,"['Horror', ' Mystery', ' Sci-Fi']",104,66,61,127852,2
216,216,Lilo & Stitch,2002,PG,"['Animation', ' Adventure', ' Comedy']",85,73,73,197791,2
217,217,Gravity,2013,PG-13,"['Drama', ' Sci-Fi', ' Thriller']",91,77,96,838012,1
218,218,Minority Report,2002,PG-13,"['Action', ' Crime', ' Mystery']",145,76,80,562974,1
219,219,Smoking Causes Coughing,2022,Not Rated,"['Comedy', ' Horror', ' Sci-Fi']",77,66,74,1656,2
220,220,Spaceballs,1987,PG,"['Adventure', ' Comedy', ' Sci-Fi']",96,71,46,196367,2
221,221,The Purge,2013,R,"['Horror', ' Sci-Fi', ' Thriller']",85,57,41,229499,0
222,222,Ad Astra,2019,PG-13,"['Adventure', ' Drama', ' Mystery']",123,65,80,244431,2
223,223,War of the Worlds,2005,PG-13,"['Action', ' Adventure', ' Sci-Fi']",116,65,73,457880,2
224,224,Justice League,2017,PG-13,"['Action', ' Adventure', ' Fantasy']",120,61,45,461025,0
225,225,Finch,2021,PG-13,"['Adventure', ' Drama', ' Sci-Fi']",115,69,57,87552,2
226,226,Kong: Skull Island,2017,PG-13,"['Action', ' Adventure', ' Fantasy']",118,66,62,327824,2
227,227,Godzilla: King of the Monsters,2019,PG-13,"['Action', ' Adventure', ' Fantasy']",132,60,48,188932,0
228,228,Moonraker,1979,PG,"['Action', ' Adventure', ' Sci-Fi']",126,62,66,104161,2
229,229,Lightyear,2022,PG,"['Animation', ' Action', ' Adventure']",105,61,60,112108,2
230,230,Teenage Mutant Ninja Turtles,1990,PG,"['Action', ' Adventure', ' Comedy']",93,67,51,97079,2
231,231,Godzilla,2014,PG-13,"['Action', ' Adventure', ' Sci-Fi']",123,64,62,421155,2
232,232,Okja,2017,TV-MA,"['Action', ' Adventure', ' Drama']",120,73,75,125683,2
233,233,Prospect,2018,R,"['Adventure', ' Drama', ' Sci-Fi']",100,63,68,30427,2
234,234,The Matrix Reloaded,2003,R,"['Action', ' Sci-Fi']",138,72,62,605817,1
235,235,The Lost World: Jurassic Park,1997,PG-13,"['Action', ' Adventure', ' Sci-Fi']",129,65,59,426871,2
236,236,District 9,2009,R,"['Action', ' Sci-Fi', ' Thriller']",112,79,81,692207,1
237,237,Doctor Strange,2016,PG-13,"['Action', ' Adventure', ' Fantasy']",115,75,72,760206,1
238,238,The Devil Conspiracy,2022,R,"['Horror', ' Sci-Fi', ' Thriller']",111,44,37,1424,0
239,239,X2: X-Men United,2003,PG-13,"['Action', ' Sci-Fi', ' Thriller']",134,74,68,558842,1
240,240,Wreck-It Ralph,2012,PG,"['Animation', ' Adventure', ' Comedy']",101,77,72,433718,2
241,241,Akira,1988,R,"['Animation', ' Action', ' Drama']",124,80,67,192286,2
242,242,Pacific Rim,2013,PG-13,"['Action', ' Adventure', ' Sci-Fi']",131,69,65,510986,2
243,243,Bumblebee,2018,PG-13,"['Action', ' Adventure', ' Sci-Fi']",114,67,66,172036,2
244,244,Cloverfield,2008,PG-13,"['Action', ' Adventure', ' Horror']",85,70,64,407001,2
245,245,The Fly,1986,R,"['Drama', ' Horror', ' Sci-Fi']",96,76,79,189567,2
246,246,Spider-Man 3,2007,PG-13,"['Action', ' Adventure', ' Sci-Fi']",139,63,59,603999,2
247,247,Star Trek Beyond,2016,PG-13,"['Action', ' Adventure', ' Sci-Fi']",122,70,68,250817,2
248,248,Mad Max,1979,R,"['Action', ' Adventure', ' Sci-Fi']",88,68,73,212329,2
249,249,Upgrade,2018,R,"['Action', ' Sci-Fi', ' Thriller']",100,75,67,191670,2
250,250,Captain America: The Winter Soldier,2014,PG-13,"['Action', ' Adventure', ' Sci-Fi']",136,78,70,861455,1
251,251,Transformers: Age of Extinction,2014,PG-13,"['Action', ' Adventure', ' Sci-Fi']",165,56,32,319534,0
252,252,Limitless,2011,PG-13,"['Sci-Fi', ' Thriller']",105,74,59,586106,1
253,253,The Wolverine,2013,PG-13,"['Action', ' Sci-Fi']",126,67,61,475632,2
254,254,Weird Science,1985,PG-13,"['Comedy', ' Romance', ' Sci-Fi']",94,66,46,92391,0
255,255,Independence Day: Resurgence,2016,PG-13,"['Action', ' Adventure', ' Sci-Fi']",120,52,32,183029,0
256,256,The Amazing Spider-Man,2012,PG-13,"['Action', ' Adventure', ' Sci-Fi']",136,69,66,668651,1
257,257,Sunshine,2007,R,"['Sci-Fi', ' Thriller']",107,72,64,255863,2
258,258,Mr. Nobody,2009,R,"['Drama', ' Fantasy', ' Romance']",141,78,63,238076,2
259,259,The Giver,2014,PG-13,"['Drama', ' Romance', ' Sci-Fi']",97,64,47,121697,0
260,260,Deep Impact,1998,PG-13,"['Action', ' Drama', ' Sci-Fi']",120,62,40,182529,0
261,261,Infinite,2021,PG-13,"['Action', ' Sci-Fi', ' Thriller']",106,54,28,54664,0
262,262,Fantastic Four,2015,PG-13,"['Action', ' Adventure', ' Sci-Fi']",100,43,27,170722,0
263,263,Oblivion,2013,PG-13,"['Action', ' Adventure', ' Sci-Fi']",124,70,54,535714,2
264,264,X-Men: Dark Phoenix,2019,PG-13,"['Action', ' Adventure', ' Sci-Fi']",113,57,43,193101,0
265,265,Glass,2019,PG-13,"['Drama', ' Horror', ' Sci-Fi']",129,66,43,251688,0
266,266,Men in Black 3,2012,PG-13,"['Action', ' Adventure', ' Comedy']",106,68,58,371199,2
267,267,The Butterfly Effect,2004,R,"['Drama', ' Sci-Fi', ' Thriller']",113,76,30,499302,0
268,268,Looper,2012,R,"['Action', ' Drama', ' Sci-Fi']",119,74,84,585124,1
269,269,WarGames,1983,PG,"['Action', ' Drama', ' Sci-Fi']",114,71,77,103705,2
270,270,John Carter,2012,PG-13,"['Action', ' Adventure', ' Sci-Fi']",132,66,51,277879,2
271,271,Stargate,1994,PG-13,"['Action', ' Adventure', ' Sci-Fi']",116,70,42,196083,0
272,272,Hellboy,2019,R,"['Action', ' Adventure', ' Fantasy']",120,52,31,93359,0
273,273,Total Recall,2012,PG-13,"['Action', ' Adventure', ' Sci-Fi']",118,62,43,258975,0
274,274,The Forgotten,2004,PG-13,"['Drama', ' Mystery', ' Sci-Fi']",91,58,43,67155,0
275,275,Big Hero 6,2014,PG,"['Animation', ' Action', ' Adventure']",102,78,74,473277,1
276,276,Atlantis: The Lost Empire,2001,PG,"['Animation', ' Action', ' Adventure']",95,69,52,125183,2
277,277,Spider-Man 2,2004,PG-13,"['Action', ' Adventure', ' Sci-Fi']",127,74,83,668016,1
278,278,Samaritan,2022,PG-13,"['Action', ' Drama', ' Fantasy']",102,57,45,49368,0
279,279,The New Mutants,2020,PG-13,"['Action', ' Horror', ' Mystery']",94,53,43,83284,0
280,280,The Bad Batch,2016,R,"['Action', ' Horror', ' Mystery']",118,52,62,33234,0
281,281,I Am Legend,2007,PG-13,"['Action', ' Drama', ' Horror']",101,72,65,775767,1
282,282,1984,1984,R,"['Drama', ' Sci-Fi']",113,71,67,74478,2
283,283,"Honey, I Shrunk the Kids",1989,PG,"['Adventure', ' Comedy', ' Family']",93,64,63,159348,2
284,284,Iron Man 2,2010,PG-13,"['Action', ' Sci-Fi']",124,69,57,832228,1
285,285,Men in Black II,2002,PG-13,"['Action', ' Adventure', ' Comedy']",88,62,49,384643,0
286,286,Downsizing,2017,R,"['Drama', ' Fantasy', ' Sci-Fi']",135,58,63,115059,2
287,287,Journey to the Center of the Earth,2008,PG,"['Action', ' Adventure', ' Family']",93,58,57,126419,0
288,288,Isle of Dogs,2018,PG-13,"['Animation', ' Adventure', ' Comedy']",101,78,82,175668,2
289,289,Masters of the Universe,1987,PG,"['Action', ' Adventure', ' Fantasy']",106,53,35,42215,0
290,290,Love and Monsters,2020,PG-13,"['Action', ' Adventure', ' Comedy']",109,69,63,133322,2
291,291,Back to the Future Part II,1989,PG,"['Adventure', ' Comedy', ' Sci-Fi']",108,78,57,545035,1
292,292,Space Jam: A New Legacy,2021,PG,"['Animation', ' Adventure', ' Comedy']",115,45,36,74972,0
293,293,Minions,2015,PG,"['Animation', ' Adventure', ' Comedy']",91,64,56,245588,2
294,294,Mars Attacks!,1996,PG-13,"['Comedy', ' Sci-Fi']",106,64,52,233427,2
295,295,The Host,2006,R,"['Drama', ' Horror', ' Sci-Fi']",120,71,85,125999,2
296,296,Chaos Walking,2021,PG-13,"['Action', ' Adventure', ' Fantasy']",109,57,38,51792,0
297,297,Time Bandits,1981,PG,"['Adventure', ' Comedy', ' Fantasy']",110,69,79,65544,2
298,298,Treasure Planet,2002,PG,"['Animation', ' Adventure', ' Family']",95,72,60,123962,2
299,299,"I, Robot",2004,PG-13,"['Action', ' Mystery', ' Sci-Fi']",115,71,59,552023,2
300,300,Demolition Man,1993,R,"['Action', ' Sci-Fi', ' Thriller']",115,67,34,182777,0
301,301,Paul,2011,R,"['Adventure', ' Comedy', ' Sci-Fi']",104,69,57,257982,2
302,302,Dark City,1998,R,"['Fantasy', ' Mystery', ' Sci-Fi']",100,76,66,204126,2
303,303,Hellboy,2004,PG-13,"['Action', ' Adventure', ' Fantasy']",122,68,72,336942,2
304,304,Splice,2009,R,"['Horror', ' Sci-Fi']",104,58,66,99270,2
305,305,Barbarella,1968,Approved,"['Adventure', ' Comedy', ' Fantasy']",98,59,51,36012,0
306,306,R.I.P.D.,2013,PG-13,"['Action', ' Adventure', ' Comedy']",96,56,25,138934,0
307,307,The 5th Wave,2016,PG-13,"['Action', ' Adventure', ' Sci-Fi']",112,52,33,112722,0
308,308,Gattaca,1997,PG-13,"['Drama', ' Sci-Fi', ' Thriller']",106,78,64,310773,2
309,309,Waterworld,1995,PG-13,"['Action', ' Adventure', ' Sci-Fi']",177,63,56,201340,2
310,310,Escape Room: Tournament of Champions,2021,PG-13,"['Action', ' Adventure', ' Horror']",88,57,48,49353,0
311,311,Rampage,2018,PG-13,"['Action', ' Adventure', ' Sci-Fi']",107,61,45,173961,0
312,312,Robots,2005,PG,"['Animation', ' Adventure', ' Comedy']",91,64,64,153028,2
313,313,Transformers: Revenge of the Fallen,2009,PG-13,"['Action', ' Adventure', ' Sci-Fi']",149,59,35,413173,0
314,314,The Amazing Spider-Man 2,2014,PG-13,"['Action', ' Adventure', ' Sci-Fi']",142,66,53,509627,2
315,315,Snake Eyes,2021,PG-13,"['Action', ' Adventure', ' Crime']",121,54,43,41087,0
316,316,A Cure for Wellness,2016,R,"['Drama', ' Fantasy', ' Horror']",146,64,47,103163,0
317,317,Star Trek: First Contact,1996,PG-13,"['Action', ' Adventure', ' Drama']",111,76,71,128125,2
318,318,They Live,1988,R,"['Action', ' Horror', ' Sci-Fi']",94,72,55,135050,2
319,319,Terminator 3: Rise of the Machines,2003,R,"['Action', ' Sci-Fi']",109,63,66,406410,2
320,320,The Dead Don't Die,2019,R,"['Comedy', ' Fantasy', ' Horror']",104,54,53,81532,0
321,321,Real Steel,2011,PG-13,"['Action', ' Drama', ' Sci-Fi']",127,70,56,338367,2
322,322,Speed Racer,2008,PG,"['Action', ' Adventure', ' Comedy']",135,60,37,75725,0
323,323,Meet Cute,2022,TV-MA,"['Comedy', ' Drama', ' Fantasy']",89,57,50,8326,0
324,324,G.I. Joe: The Rise of Cobra,2009,PG-13,"['Action', ' Adventure', ' Sci-Fi']",118,57,32,211376,0
325,325,Jurassic Park III,2001,PG-13,"['Action', ' Adventure', ' Sci-Fi']",92,59,42,329081,0
326,326,The Incredible Hulk,2008,PG-13,"['Action', ' Adventure', ' Sci-Fi']",112,66,61,502561,2
327,327,Serenity,2005,PG-13,"['Action', ' Adventure', ' Sci-Fi']",119,78,74,299502,2
328,328,The Mitchells vs the Machines,2021,PG,"['Animation', ' Adventure', ' Comedy']",114,76,81,114537,2
329,329,Dragonball Evolution,2009,PG,"['Action', ' Adventure', ' Fantasy']",85,25,45,76462,0
330,330,Geostorm,2017,PG-13,"['Action', ' Sci-Fi', ' Thriller']",109,53,21,111814,0
331,331,Underwater,2020,PG-13,"['Action', ' Horror', ' Sci-Fi']",95,58,48,87080,0
332,332,Metropolis,1927,Not Rated,"['Drama', ' Sci-Fi']",153,83,98,177454,2
333,333,Ralph Breaks the Internet,2018,PG,"['Animation', ' Adventure', ' Comedy']",112,70,71,168078,2
334,334,Alien³,1992,R,"['Action', ' Horror', ' Sci-Fi']",114,64,59,306318,2
335,335,Vesper,2022,Not Rated,"['Adventure', ' Drama', ' Sci-Fi']",114,59,70,17039,2
336,336,Journey 2: The Mysterious Island,2012,PG,"['Action', ' Adventure', ' Comedy']",94,57,41,107369,0
337,337,Deep Blue Sea,1999,R,"['Action', ' Adventure', ' Sci-Fi']",105,59,54,136839,0
338,338,Melancholia,2011,R,"['Drama', ' Sci-Fi']",135,71,80,187299,2
339,339,Moon,2009,R,"['Drama', ' Mystery', ' Sci-Fi']",97,78,67,365453,2
340,340,Zathura: A Space Adventure,2005,PG,"['Action', ' Adventure', ' Comedy']",101,62,67,108785,2
341,341,Push,2009,PG-13,"['Action', ' Sci-Fi', ' Thriller']",111,61,36,113221,0
342,342,Source Code,2011,PG-13,"['Action', ' Drama', ' Mystery']",93,75,74,529221,1
343,343,Possessor,2020,R,"['Horror', ' Mystery', ' Sci-Fi']",103,65,72,40140,2
344,344,The Road Warrior,1981,R,"['Action', ' Adventure', ' Sci-Fi']",96,76,77,185221,2
345,345,What Happened to Monday,2017,TV-MA,"['Action', ' Crime', ' Fantasy']",123,68,47,127347,2
346,346,The Happening,2008,R,"['Adventure', ' Drama', ' Sci-Fi']",91,50,34,211125,0
347,347,Bicentennial Man,1999,PG,"['Drama', ' Sci-Fi']",132,69,42,120368,0
348,348,Secret Headquarters,2022,PG,"['Action', ' Adventure', ' Comedy']",104,51,47,6498,0
349,349,Critters,1986,PG-13,"['Comedy', ' Horror', ' Sci-Fi']",86,61,52,36985,0
350,350,Equilibrium,2002,R,"['Action', ' Drama', ' Sci-Fi']",107,73,33,337219,0
351,351,Close Encounters of the Third Kind,1977,PG,"['Drama', ' Sci-Fi']",138,76,90,207409,2
352,352,Teenage Mutant Ninja Turtles,2014,PG-13,"['Action', ' Adventure', ' Comedy']",101,58,31,214030,0
353,353,The Cell,2000,R,"['Crime', ' Horror', ' Sci-Fi']",107,64,40,105094,0
354,354,The Lego Batman Movie,2017,PG,"['Animation', ' Action', ' Adventure']",104,73,75,157872,2
355,355,In the Shadow of the Moon,2019,TV-MA,"['Action', ' Crime', ' Mystery']",115,62,48,55859,0
356,356,Stalker,1979,Not Rated,"['Drama', ' Sci-Fi']",162,81,83,137665,2
357,357,RoboCop,2014,PG-13,"['Action', ' Crime', ' Sci-Fi']",117,61,52,232702,0
358,358,Transformers: Dark of the Moon,2011,PG-13,"['Action', ' Adventure', ' Sci-Fi']",154,62,42,416190,0
359,359,Cube,1997,R,"['Drama', ' Horror', ' Mystery']",90,72,61,237211,2
360,360,28 Weeks Later,2007,R,"['Action', ' Adventure', ' Horror']",100,69,78,282408,2
361,361,Assassin's Creed,2016,PG-13,"['Action', ' Adventure', ' Sci-Fi']",115,56,36,202466,0
362,362,Tron,1982,PG,"['Action', ' Adventure', ' Sci-Fi']",96,67,58,124639,2
363,363,Flash Gordon,1980,PG,"['Action', ' Adventure', ' Sci-Fi']",111,65,58,58668,2
364,364,The World's End,2013,R,"['Action', ' Comedy', ' Sci-Fi']",109,69,81,287703,2
365,365,Level 16,2018,Not Rated,"['Drama', ' Mystery', ' Sci-Fi']",102,61,46,13588,0
366,366,The Island,2005,PG-13,"['Action', ' Sci-Fi', ' Thriller']",136,68,50,320309,2
367,367,Hollow Man,2000,R,"['Action', ' Horror', ' Sci-Fi']",112,58,24,133984,0
368,368,Hot Tub Time Machine,2010,R,"['Comedy', ' Sci-Fi']",101,64,63,179331,2
369,369,Megamind,2010,PG,"['Animation', ' Action', ' Comedy']",95,73,63,273501,2
370,370,Tank Girl,1995,R,"['Action', ' Comedy', ' Sci-Fi']",104,53,46,32995,0
371,371,Superman Returns,2006,PG-13,"['Action', ' Adventure', ' Sci-Fi']",154,61,72,286568,2
372,372,Ghost in the Shell,2017,PG-13,"['Action', ' Crime', ' Drama']",107,63,52,219737,0
373,373,Overlord,2018,R,"['Action', ' Horror', ' Sci-Fi']",110,66,60,102105,2
374,374,Godzilla,1998,PG-13,"['Action', ' Sci-Fi', ' Thriller']",139,54,32,196862,0
375,375,Ghostbusters,2016,PG-13,"['Action', ' Comedy', ' Fantasy']",117,68,60,236102,2
376,376,Terminator Salvation,2009,PG-13,"['Action', ' Adventure', ' Sci-Fi']",115,65,49,367875,2
377,377,G.I. Joe: Retaliation,2013,PG-13,"['Action', ' Adventure', ' Sci-Fi']",110,57,41,183858,0
378,378,The Darkest Minds,2018,PG-13,"['Action', ' Adventure', ' Drama']",104,57,39,33757,0
379,379,Sorry to Bother You,2018,R,"['Comedy', ' Drama', ' Fantasy']",112,69,80,83136,2
380,380,Cloudy with a Chance of Meatballs,2009,PG,"['Animation', ' Adventure', ' Comedy']",90,69,66,241887,2
381,381,Space Jam,1996,PG,"['Animation', ' Adventure', ' Comedy']",88,65,59,202943,2
382,382,Mortal Engines,2018,PG-13,"['Action', ' Adventure', ' Fantasy']",128,61,44,130145,0
383,383,Ghostbusters II,1989,PG,"['Action', ' Comedy', ' Fantasy']",108,66,56,212654,2
384,384,The Fountain,2006,PG-13,"['Drama', ' Mystery', ' Romance']",97,72,51,243065,2
385,385,The Matrix Revolutions,2003,R,"['Action', ' Sci-Fi']",129,67,47,523118,2
386,386,Bill & Ted's Excellent Adventure,1989,PG,"['Adventure', ' Comedy', ' Music']",90,69,50,135004,2
387,387,Never Let Me Go,2010,R,"['Drama', ' Romance', ' Sci-Fi']",103,71,69,148594,2
388,388,Species,1995,R,"['Action', ' Horror', ' Sci-Fi']",108,58,49,82045,0
389,389,The Divergent Series: Insurgent,2015,PG-13,"['Action', ' Adventure', ' Sci-Fi']",119,62,42,244112,0
390,390,The Abyss,1989,PG-13,"['Adventure', ' Drama', ' Mystery']",140,75,62,182766,2
391,391,Cocoon,1985,PG-13,"['Comedy', ' Drama', ' Sci-Fi']",117,67,65,65505,2
392,392,Awake,2021,TV-MA,"['Action', ' Adventure', ' Drama']",96,49,35,23560,0
393,393,Battlestar Galactica,1979,TV-PG,"['Action', ' Adventure', ' Sci-Fi']",60,72,39,16428,0
394,394,Unbreakable,2000,PG-13,"['Drama', ' Mystery', ' Sci-Fi']",106,73,62,425882,2
395,395,The League of Extraordinary Gentlemen,2003,PG-13,"['Action', ' Adventure', ' Fantasy']",110,58,30,179118,0
396,396,Gemini Man,2019,PG-13,"['Action', ' Sci-Fi', ' Thriller']",117,57,38,116243,0
397,397,Star Trek: Nemesis,2002,PG-13,"['Action', ' Adventure', ' Sci-Fi']",116,64,51,81209,0
398,398,The Discovery,2017,TV-MA,"['Drama', ' Romance', ' Sci-Fi']",102,62,54,35615,0
399,399,Mortal Kombat,1995,PG-13,"['Action', ' Adventure', ' Fantasy']",101,58,60,120521,0
400,400,Star Trek Into Darkness,2013,PG-13,"['Action', ' Adventure', ' Sci-Fi']",132,77,72,488265,1
401,401,Back to the Future Part III,1990,PG,"['Adventure', ' Comedy', ' Sci-Fi']",118,74,55,457949,2
402,402,Mighty Morphin Power Rangers,1995,PG,"['Action', ' Adventure', ' Family']",95,52,40,28597,0
403,403,Star Wars: The Clone Wars,2008,PG,"['Animation', ' Action', ' Adventure']",98,59,35,68552,0
404,404,Jumper,2008,PG-13,"['Action', ' Adventure', ' Sci-Fi']",88,61,35,312518,0
405,405,Significant Other,2022,R,"['Drama', ' Mystery', ' Sci-Fi']",84,57,57,8889,0
406,406,The Munsters,2022,PG,"['Comedy', ' Family', ' Fantasy']",109,45,57,10005,0
407,407,Superman II,1980,PG,"['Action', ' Adventure', ' Sci-Fi']",127,68,83,110229,2
408,408,Brazil,1985,R,"['Drama', ' Sci-Fi']",132,79,84,204399,2
409,409,Green Lantern,2011,PG-13,"['Action', ' Adventure', ' Sci-Fi']",114,55,39,289166,0
410,410,Howard the Duck,1986,PG,"['Action', ' Adventure', ' Comedy']",110,47,28,48601,0
411,411,Resident Evil: Apocalypse,2004,R,"['Action', ' Horror', ' Sci-Fi']",94,61,35,203670,0
412,412,Maze Runner: The Death Cure,2018,PG-13,"['Action', ' Adventure', ' Sci-Fi']",143,62,50,147910,0
413,413,The Midnight Sky,2020,PG-13,"['Adventure', ' Drama', ' Sci-Fi']",118,57,58,85808,0
414,414,Meet the Robinsons,2007,G,"['Animation', ' Adventure', ' Comedy']",95,68,61,104545,2
415,415,Star Trek: Generations,1994,PG,"['Action', ' Adventure', ' Mystery']",118,66,55,84041,2
416,416,The Hitchhiker's Guide to the Galaxy,2005,PG,"['Adventure', ' Comedy', ' Sci-Fi']",109,67,63,202062,2
417,417,Mission to Mars,2000,PG,"['Adventure', ' Sci-Fi', ' Thriller']",114,56,34,74709,0
418,418,PAW Patrol: The Movie,2021,G,"['Animation', ' Action', ' Adventure']",86,61,50,6880,0
419,419,Alien: Resurrection,1997,R,"['Action', ' Horror', ' Sci-Fi']",109,62,63,253060,2
420,420,The Core,2003,PG-13,"['Action', ' Adventure', ' Sci-Fi']",135,55,48,103714,0
421,421,Titane,2021,R,"['Drama', ' Horror', ' Sci-Fi']",108,65,75,49351,2
422,422,Despicable Me 2,2013,PG,"['Animation', ' Adventure', ' Comedy']",98,73,62,408499,2
423,423,Allegiant,2016,PG-13,"['Action', ' Adventure', ' Mystery']",120,57,33,126731,0
424,424,"Dude, Where's My Car?",2000,PG-13,"['Comedy', ' Mystery', ' Sci-Fi']",83,55,30,142299,0
425,425,The Dark Tower,2017,PG-13,"['Action', ' Adventure', ' Fantasy']",95,56,34,141491,0
426,426,Surrogates,2009,PG-13,"['Action', ' Sci-Fi', ' Thriller']",89,63,45,177344,0
427,427,Short Circuit,1986,PG,"['Comedy', ' Family', ' Sci-Fi']",98,66,50,63760,0
428,428,Twilight Zone: The Movie,1983,PG,"['Horror', ' Sci-Fi']",101,64,44,39258,0
429,429,Despicable Me 3,2017,PG,"['Animation', ' Adventure', ' Comedy']",89,62,49,141484,0
430,430,Resident Evil: Retribution,2012,R,"['Action', ' Horror', ' Sci-Fi']",95,53,39,145549,0
431,431,Ender's Game,2013,PG-13,"['Action', ' Adventure', ' Sci-Fi']",114,66,51,245599,2
432,432,Bolt,2008,PG,"['Animation', ' Adventure', ' Comedy']",96,68,67,217626,2
433,433,Innerspace,1987,PG,"['Action', ' Adventure', ' Comedy']",120,68,66,62340,2
434,434,Flight of the Navigator,1986,PG,"['Adventure', ' Comedy', ' Family']",90,69,64,49695,2
435,435,Mad God,2021,Unrated,"['Animation', ' Fantasy', ' Horror']",83,68,80,11018,2
436,436,Maze Runner: The Scorch Trials,2015,PG-13,"['Action', ' Adventure', ' Sci-Fi']",131,63,43,259134,0
437,437,Lifeforce,1985,R,"['Action', ' Horror', ' Mystery']",101,61,50,27222,0
438,438,Ghost in the Shell,1995,TV-MA,"['Animation', ' Action', ' Crime']",83,79,76,147376,2
440,440,Logan's Run,1976,PG,"['Action', ' Adventure', ' Sci-Fi']",119,68,53,58602,2
441,441,The Time Machine,2002,PG-13,"['Action', ' Adventure', ' Sci-Fi']",96,60,42,126718,0
442,442,The Iron Giant,1999,PG,"['Animation', ' Action', ' Adventure']",86,81,85,206936,2
443,443,Bubble Boy,2001,PG-13,"['Adventure', ' Comedy', ' Romance']",84,57,41,34086,0
444,444,Strange Days,1995,R,"['Crime', ' Drama', ' Sci-Fi']",145,72,66,74951,2
445,445,Chronicle,2012,PG-13,"['Action', ' Drama', ' Sci-Fi']",84,70,69,255921,2
446,446,After Yang,2021,PG,"['Drama', ' Sci-Fi']",96,67,78,18188,2
447,447,Voyagers,2021,PG-13,"['Adventure', ' Sci-Fi', ' Thriller']",108,54,44,23415,0
448,448,Dark Skies,2013,PG-13,"['Horror', ' Sci-Fi', ' Thriller']",97,63,50,77382,0
449,449,Zoom,2006,PG,"['Action', ' Adventure', ' Comedy']",83,43,26,21879,0
450,450,Superhero Movie,2008,PG-13,"['Action', ' Comedy', ' Sci-Fi']",75,46,33,71611,0
451,451,I Origins,2014,R,"['Drama', ' Mystery', ' Romance']",106,73,57,128425,2
452,452,The Cloverfield Paradox,2018,PG-13,"['Action', ' Adventure', ' Horror']",102,55,37,108289,0
453,453,Fantastic Four,2005,PG-13,"['Action', ' Adventure', ' Fantasy']",106,57,40,334930,0
454,454,It Comes at Night,2017,R,"['Drama', ' Horror', ' Mystery']",91,62,78,97320,2
455,455,Blade: Trinity,2004,R,"['Action', ' Horror', ' Sci-Fi']",113,58,38,181836,0
456,456,Escape from New York,1981,R,"['Action', ' Adventure', ' Sci-Fi']",99,71,76,147990,2
457,457,Pacific Rim: Uprising,2018,PG-13,"['Action', ' Adventure', ' Fantasy']",111,56,44,120628,0
458,458,Blade II,2002,R,"['Action', ' Horror', ' Sci-Fi']",117,67,52,224464,2
459,459,High Life,2018,R,"['Adventure', ' Drama', ' Horror']",113,58,78,37746,2
460,460,The Day the Earth Stood Still,2008,PG-13,"['Adventure', ' Drama', ' Sci-Fi']",104,55,40,173525,0
461,461,Men in Black: International,2019,PG-13,"['Action', ' Adventure', ' Comedy']",114,56,38,138662,0
462,462,Chip 'n Dale: Rescue Rangers,2022,PG,"['Animation', ' Action', ' Adventure']",97,70,66,43057,2
463,463,"I, Frankenstein",2014,PG-13,"['Action', ' Fantasy', ' Sci-Fi']",92,51,30,82335,0
464,464,Piranha 3DD,2012,R,"['Comedy', ' Horror', ' Sci-Fi']",83,38,24,43863,0
465,465,Color Out of Space,2019,Unrated,"['Horror', ' Mystery', ' Sci-Fi']",111,62,70,51137,2
466,466,The Rocketeer,1991,PG,"['Action', ' Adventure', ' Family']",108,65,61,59459,2
467,467,The Wandering Earth,2019,TV-MA,"['Action', ' Adventure', ' Sci-Fi']",125,59,57,33200,0
468,468,Bill & Ted Face the Music,2020,PG-13,"['Adventure', ' Comedy', ' Music']",91,59,65,49764,2
469,469,Hulk,2003,PG-13,"['Action', ' Sci-Fi']",138,56,54,272008,0
470,470,The Adventures of Sharkboy and Lavagirl 3-D,2005,PG,"['Action', ' Adventure', ' Comedy']",93,37,38,39577,0
471,471,Bloodshot,2020,PG-13,"['Action', ' Adventure', ' Sci-Fi']",109,57,44,80584,0
472,472,The Lego Movie 2: The Second Part,2019,PG,"['Animation', ' Action', ' Adventure']",107,66,65,70168,2
473,473,Pandorum,2009,R,"['Action', ' Horror', ' Mystery']",108,67,28,154349,0
474,474,The Adjustment Bureau,2011,PG-13,"['Romance', ' Sci-Fi', ' Thriller']",106,70,60,261908,2
475,475,Blast from the Past,1999,PG-13,"['Comedy', ' Drama', ' Romance']",112,67,48,68488,0
477,477,Chappie,2015,R,"['Action', ' Crime', ' Drama']",120,68,41,258032,0
478,478,Mystery Men,1999,PG-13,"['Action', ' Comedy', ' Fantasy']",121,61,65,68568,2
479,479,The Return of the Living Dead,1985,R,"['Comedy', ' Horror', ' Sci-Fi']",91,73,66,64032,2
480,480,Teenage Mutant Ninja Turtles: Out of the Shadows,2016,PG-13,"['Action', ' Adventure', ' Comedy']",112,59,40,95635,0
481,481,Frequency,2000,PG-13,"['Crime', ' Drama', ' Mystery']",118,74,67,111119,2
482,482,The Island of Dr. Moreau,1996,PG-13,"['Horror', ' Sci-Fi', ' Thriller']",96,45,37,34341,0
483,483,Soylent Green,1973,PG,"['Crime', ' Mystery', ' Sci-Fi']",97,70,66,67167,2
484,484,Star Trek II: The Wrath of Khan,1982,PG,"['Action', ' Adventure', ' Sci-Fi']",113,77,68,124615,2
485,485,The Endless,2017,Not Rated,"['Drama', ' Fantasy', ' Horror']",111,65,80,45182,2
486,486,Deja Vu,2006,PG-13,"['Action', ' Crime', ' Sci-Fi']",126,71,59,316674,2
487,487,Jung_E,2023,TV-14,"['Action', ' Adventure', ' Drama']",98,54,52,8686,0
488,488,The Silence,2019,PG-13,"['Drama', ' Horror', ' Sci-Fi']",90,53,25,47525,0
489,489,Star Trek: The Motion Picture,1979,G,"['Adventure', ' Mystery', ' Sci-Fi']",143,64,50,92743,0
490,490,Hellboy II: The Golden Army,2008,PG-13,"['Action', ' Adventure', ' Fantasy']",120,70,78,277311,2
491,491,Jupiter Ascending,2015,PG-13,"['Action', ' Adventure', ' Sci-Fi']",127,53,40,190848,0
492,492,Monsters vs. Aliens,2009,PG,"['Animation', ' Action', ' Adventure']",94,64,56,168014,2
493,493,Disaster Movie,2008,PG-13,"['Comedy', ' Sci-Fi']",87,19,15,92646,0
494,494,In the Tall Grass,2019,TV-MA,"['Horror', ' Mystery', ' Sci-Fi']",101,54,46,59290,0
495,495,Resident Evil: The Final Chapter,2016,R,"['Action', ' Horror', ' Sci-Fi']",107,55,49,96872,0
496,496,Invasion of the Body Snatchers,1978,PG,"['Horror', ' Sci-Fi']",115,74,75,63436,2
497,497,Forbidden Planet,1956,G,"['Adventure', ' Sci-Fi']",98,75,80,50869,2
498,498,The Outwaters,2022,Not Rated,"['Horror', ' Sci-Fi', ' Thriller']",110,41,72,2472,0
499,499,Boss Level,2020,TV-MA,"['Action', ' Adventure', ' Comedy']",100,68,56,71709,2
500,500,Predators,2010,R,"['Action', ' Adventure', ' Fantasy']",107,64,51,236008,0
501,501,I Am Number Four,2011,PG-13,"['Action', ' Adventure', ' Sci-Fi']",111,61,36,241224,0
502,502,Scanners,1981,R,"['Horror', ' Sci-Fi', ' Thriller']",103,67,60,58074,2
503,503,Death Race,2008,R,"['Action', ' Sci-Fi', ' Thriller']",105,64,43,212811,0
504,504,Evolution,2001,PG-13,"['Comedy', ' Sci-Fi']",101,61,40,131824,0
505,505,Mad Max Beyond Thunderdome,1985,PG-13,"['Action', ' Adventure', ' Sci-Fi']",107,62,71,140665,2
506,506,The Host,2013,PG-13,"['Action', ' Adventure', ' Drama']",125,58,35,116540,0
507,507,Brightburn,2019,R,"['Drama', ' Horror', ' Mystery']",90,61,44,101660,0
508,508,The Emoji Movie,2017,PG,"['Animation', ' Adventure', ' Comedy']",86,34,12,66823,0
509,509,Videodrome,1983,R,"['Horror', ' Sci-Fi', ' Thriller']",87,72,60,96905,2
510,510,Star Trek VI: The Undiscovered Country,1991,PG,"['Action', ' Adventure', ' Sci-Fi']",110,72,65,77835,2
511,511,Pi,1998,R,"['Drama', ' Horror', ' Mystery']",84,73,72,182149,2
512,512,Fantastic Four: Rise of the Silver Surfer,2007,PG,"['Action', ' Adventure', ' Fantasy']",92,56,45,270191,0
513,513,Spy Kids 3: Game Over,2003,PG,"['Action', ' Adventure', ' Comedy']",84,43,57,62636,0
514,514,Alien vs. Predator,2004,PG-13,"['Action', ' Adventure', ' Horror']",101,56,29,204816,0
515,515,Extinction,2018,TV-MA,"['Action', ' Drama', ' Sci-Fi']",95,58,40,54784,0
516,516,Project Power,2020,R,"['Action', ' Crime', ' Sci-Fi']",113,60,51,92360,0
517,517,Chicken Little,2005,G,"['Animation', ' Adventure', ' Comedy']",81,57,48,95952,0
518,518,Stowaway,2021,TV-MA,"['Adventure', ' Sci-Fi', ' Thriller']",116,56,63,48447,0
519,519,Left Behind,2014,PG-13,"['Action', ' Fantasy', ' Sci-Fi']",110,31,12,40868,0
520,520,Resident Evil: Extinction,2007,R,"['Action', ' Horror', ' Sci-Fi']",94,62,41,199510,0
521,521,I Am Mother,2019,TV-14,"['Drama', ' Mystery', ' Sci-Fi']",113,67,64,94116,2
522,522,The Dead Zone,1983,R,"['Drama', ' Horror', ' Sci-Fi']",103,72,69,73027,2
523,523,9,2009,PG-13,"['Animation', ' Action', ' Adventure']",79,70,60,142741,2
524,524,Mr. Peabody & Sherman,2014,PG,"['Animation', ' Adventure', ' Comedy']",92,68,59,73278,2
525,525,Star Trek: Insurrection,1998,PG,"['Action', ' Adventure', ' Sci-Fi']",103,64,64,76969,2
526,526,Primer,2004,PG-13,"['Drama', ' Sci-Fi', ' Thriller']",77,68,68,109386,2
527,527,The Colony,2021,R,"['Action', ' Adventure', ' Sci-Fi']",104,54,52,10644,0
528,528,Bedtime Stories,2008,PG,"['Adventure', ' Comedy', ' Family']",99,60,33,97766,0
529,529,The Last Starfighter,1984,PG,"['Action', ' Adventure', ' Sci-Fi']",101,67,67,43881,2
530,530,The Toxic Avenger,1984,R,"['Action', ' Comedy', ' Horror']",82,62,42,29898,0
531,531,Firestarter,2022,R,"['Drama', ' Horror', ' Sci-Fi']",94,46,32,18093,0
532,532,Nausicaä of the Valley of the Wind,1984,PG,"['Animation', ' Adventure', ' Sci-Fi']",117,80,86,173127,2
533,533,Mute,2018,TV-MA,"['Mystery', ' Sci-Fi', ' Thriller']",126,54,35,36584,0
534,534,Real Genius,1985,PG,"['Comedy', ' Romance', ' Sci-Fi']",108,69,71,35857,2
535,535,Scooby-Doo 2: Monsters Unleashed,2004,PG,"['Adventure', ' Comedy', ' Family']",93,52,34,60666,0
536,536,Paprika,2006,R,"['Animation', ' Drama', ' Fantasy']",90,77,81,86923,2
537,537,Lost in Space,1998,PG-13,"['Action', ' Adventure', ' Family']",130,52,42,73520,0
538,538,Resident Evil: Afterlife,2010,R,"['Action', ' Horror', ' Sci-Fi']",96,58,37,174636,0
539,539,The Purge: Election Year,2016,R,"['Action', ' Horror', ' Sci-Fi']",108,60,55,104566,0
540,540,A Scanner Darkly,2006,R,"['Animation', ' Comedy', ' Crime']",100,70,73,114081,2
541,541,If I Stay,2014,PG-13,"['Drama', ' Fantasy', ' Music']",107,67,46,125465,0
542,542,Fire in the Sky,1993,PG-13,"['Biography', ' Drama', ' Fantasy']",109,65,42,26218,0
543,543,Black Crab,2022,TV-MA,"['Action', ' Adventure', ' Drama']",114,57,54,23317,0
544,544,Solaris,1972,PG,"['Drama', ' Mystery', ' Sci-Fi']",167,80,93,93951,2
545,545,Perfect Sense,2011,R,"['Drama', ' Romance', ' Sci-Fi']",92,70,55,61595,2
546,546,The Adventures of Buckaroo Banzai Across the 8th Dimension,1984,PG,"['Adventure', ' Comedy', ' Sci-Fi']",103,62,70,27327,2
548,548,Transcendence,2014,PG-13,"['Action', ' Drama', ' Sci-Fi']",119,62,42,232704,0
549,549,eXistenZ,1999,R,"['Horror', ' Mystery', ' Sci-Fi']",97,68,68,102987,2
550,550,Morgan,2016,R,"['Action', ' Horror', ' Sci-Fi']",92,58,48,44596,0
551,551,DeepStar Six,1989,R,"['Action', ' Horror', ' Sci-Fi']",99,53,34,12467,0
552,552,Critters 2: The Main Course,1988,PG-13,"['Comedy', ' Horror', ' Sci-Fi']",86,55,48,15934,0
553,553,2010: The Year We Make Contact,1984,PG,"['Adventure', ' Mystery', ' Sci-Fi']",116,67,53,54860,2
554,554,Spies in Disguise,2019,PG,"['Animation', ' Action', ' Adventure']",102,68,54,52052,2
555,555,Heavy Metal,1981,R,"['Animation', ' Adventure', ' Fantasy']",86,66,51,36383,2
556,556,Westworld,1973,PG,"['Action', ' Sci-Fi', ' Thriller']",88,69,77,60355,2
557,557,Belle,2021,PG,"['Animation', ' Adventure', ' Drama']",121,71,83,14198,2
558,558,Zapped!,1982,R,"['Comedy', ' Fantasy', ' Sci-Fi']",98,49,10,7218,0
559,559,Predator 2,1990,R,"['Action', ' Horror', ' Sci-Fi']",108,63,46,173607,0
560,560,Land of the Lost,2009,PG-13,"['Action', ' Adventure', ' Comedy']",102,53,32,73000,0
561,561,Volcano,1997,PG-13,"['Action', ' Drama', ' Sci-Fi']",104,55,55,78666,0
562,562,Mary Shelley's Frankenstein,1994,R,"['Drama', ' Horror', ' Romance']",123,63,49,56956,0
563,563,Clifford the Big Red Dog,2021,PG,"['Animation', ' Adventure', ' Comedy']",96,59,55,14627,0
564,564,Oxygen,2021,TV-14,"['Drama', ' Fantasy', ' Sci-Fi']",100,65,67,41050,2
565,565,Phenomenon,1996,PG,"['Drama', ' Fantasy', ' Romance']",123,64,41,81290,0
566,566,How It Ends,2018,TV-MA,"['Action', ' Drama', ' Horror']",113,50,36,55239,0
567,567,The House with a Clock in Its Walls,2018,PG,"['Comedy', ' Family', ' Fantasy']",105,60,57,53235,0
568,568,Cowboys & Aliens,2011,PG-13,"['Action', ' Sci-Fi', ' Thriller']",119,60,50,225365,0
569,569,Ron's Gone Wrong,2021,PG,"['Animation', ' Adventure', ' Comedy']",107,70,65,36427,2
570,570,Replicas,2018,PG-13,"['Drama', ' Sci-Fi', ' Thriller']",107,54,19,39989,0
571,572,Gamer,2009,R,"['Action', ' Sci-Fi', ' Thriller']",95,57,27,137060,0
572,573,Red Planet,2000,PG-13,"['Action', ' Sci-Fi', ' Thriller']",106,57,34,58892,0
573,574,Cloudy with a Chance of Meatballs 2,2013,PG,"['Animation', ' Adventure', ' Comedy']",95,63,59,107632,2
574,575,The Nutty Professor,1996,PG-13,"['Comedy', ' Romance', ' Sci-Fi']",95,57,62,120042,0
575,576,Little Monsters,2019,R,"['Comedy', ' Horror', ' Sci-Fi']",93,63,59,18191,2
576,577,Cell,2016,R,"['Action', ' Adventure', ' Horror']",98,44,38,28961,0
577,578,Hardcore Henry,2015,R,"['Action', ' Adventure', ' Sci-Fi']",96,67,51,98204,2
578,579,Freaks,2018,R,"['Drama', ' Mystery', ' Sci-Fi']",105,67,63,37001,2
579,580,Krull,1983,PG,"['Action', ' Adventure', ' Fantasy']",121,61,45,34681,0
580,581,Cargo,2017,TV-MA,"['Drama', ' Horror', ' Sci-Fi']",105,63,65,45442,2
581,582,After Earth,2013,PG-13,"['Action', ' Adventure', ' Sci-Fi']",100,48,33,204370,0
582,583,Barb Wire,1996,R,"['Action', ' Sci-Fi']",98,35,40,30077,0
583,584,Jason X,2001,R,"['Action', ' Horror', ' Sci-Fi']",92,44,25,58375,0
584,585,Synchronic,2019,R,"['Drama', ' Horror', ' Mystery']",102,62,64,34110,2
585,586,Southland Tales,2006,R,"['Comedy', ' Drama', ' Mystery']",145,53,44,39574,0
586,587,The Man Who Fell to Earth,1976,R,"['Drama', ' Sci-Fi']",139,66,81,27445,2
587,588,Ice Age: Collision Course,2016,PG,"['Animation', ' Adventure', ' Comedy']",94,56,34,69835,0
588,589,Night of the Comet,1984,PG-13,"['Comedy', ' Horror', ' Sci-Fi']",95,63,59,22076,2
589,590,The Jacket,2005,R,"['Drama', ' Fantasy', ' Mystery']",103,71,44,116029,2
590,591,The Cave,2005,PG-13,"['Adventure', ' Horror', ' Sci-Fi']",97,51,30,40003,0
591,592,A Wrinkle in Time,2018,PG,"['Adventure', ' Family', ' Fantasy']",109,42,53,46143,0
592,593,From Beyond,1986,R,"['Horror', ' Sci-Fi']",85,66,60,27890,2
